SlNo,State_Code,State,District_Key,District,Confirmed,Active,Recovered,Deceased,Migrated_Other,Delta_Confirmed,Delta_Active,Delta_Recovered,Delta_Deceased,District_Notes,Last_Updated
0,UN,State Unassigned,UN_Unassigned,Unassigned,0,0,0,0,0,0,0,0,0,,
1,AN,Andaman and Nicobar Islands,AN_Nicobars,Nicobars,0,0,0,0,0,0,0,0,0,District-wise numbers are out-dated as cumulative counts for each district are not reported in bulletin,
2,AN,Andaman and Nicobar Islands,AN_North and Middle Andaman,North and Middle Andaman,1,0,1,0,0,0,0,0,0,District-wise numbers are out-dated as cumulative counts for each district are not reported in bulletin,
3,AN,Andaman and Nicobar Islands,AN_South Andaman,South Andaman,51,19,32,0,0,0,0,0,0,District-wise numbers are out-dated as cumulative counts for each district are not reported in bulletin,
0,AP,Andhra Pradesh,AP_Foreign Evacuees,Foreign Evacuees,434,0,434,0,0,0,0,0,0,,
4,AP,Andhra Pradesh,AP_Anantapur,Anantapur,37763,5912,31546,305,0,815,-65,874,6,,
5,AP,Andhra Pradesh,AP_Chittoor,Chittoor,33133,8945,23819,369,0,928,129,790,9,,
6,AP,Andhra Pradesh,AP_East Godavari,East Godavari,54656,17816,36476,364,0,1089,167,912,10,,
7,AP,Andhra Pradesh,AP_Guntur,Guntur,33234,7259,25620,355,0,926,511,410,5,,
8,AP,Andhra Pradesh,AP_Krishna,Krishna,14966,2101,12601,264,0,316,108,204,4,,
9,AP,Andhra Pradesh,AP_Kurnool,Kurnool,41700,6995,34350,355,0,855,153,689,13,,
0,AP,Andhra Pradesh,AP_Other State,Other State,2461,0,2461,0,0,0,0,0,0,,
10,AP,Andhra Pradesh,AP_Prakasam,Prakasam,19681,8380,11043,258,0,1020,615,399,6,,
11,AP,Andhra Pradesh,AP_S.P.S. Nellore,S.P.S. Nellore,26377,5919,20209,249,0,934,58,865,11,,
12,AP,Andhra Pradesh,AP_Srikakulam,Srikakulam,20950,5878,14848,224,0,846,319,523,4,,
13,AP,Andhra Pradesh,AP_Visakhapatnam,Visakhapatnam,33310,6482,26560,268,0,593,-118,705,6,,
14,AP,Andhra Pradesh,AP_Vizianagaram,Vizianagaram,18034,7408,10473,153,0,563,56,503,4,,
15,AP,Andhra Pradesh,AP_West Godavari,West Godavari,33136,5089,27770,277,0,892,-227,1112,7,,
16,AP,Andhra Pradesh,AP_Y.S.R. Kadapa,Y.S.R. Kadapa,23255,6025,17038,192,0,844,295,542,7,,
17,AR,Arunachal Pradesh,AR_Anjaw,Anjaw,42,12,30,0,0,0,0,0,0,,
18,AR,Arunachal Pradesh,AR_Changlang,Changlang,402,96,306,0,0,0,0,0,0,,
19,AR,Arunachal Pradesh,AR_East Kameng,East Kameng,195,42,153,0,0,0,0,0,0,,
20,AR,Arunachal Pradesh,AR_East Siang,East Siang,264,133,130,1,0,0,0,0,0,,
21,AR,Arunachal Pradesh,AR_Kamle,Kamle,3,2,1,0,0,0,0,0,0,,
22,AR,Arunachal Pradesh,AR_Kra Daadi,Kra Daadi,2,2,0,0,0,0,0,0,0,,
23,AR,Arunachal Pradesh,AR_Kurung Kumey,Kurung Kumey,0,0,0,0,0,0,0,0,0,,
24,AR,Arunachal Pradesh,AR_Lepa Rada,Lepa Rada,26,5,21,0,0,0,0,0,0,,
25,AR,Arunachal Pradesh,AR_Lohit,Lohit,131,17,114,0,0,0,0,0,0,,
26,AR,Arunachal Pradesh,AR_Longding,Longding,21,5,16,0,0,0,0,0,0,,
27,AR,Arunachal Pradesh,AR_Lower Dibang Valley,Lower Dibang Valley,42,5,37,0,0,0,0,0,0,,
28,AR,Arunachal Pradesh,AR_Lower Siang,Lower Siang,90,21,69,0,0,0,0,0,0,,
29,AR,Arunachal Pradesh,AR_Lower Subansiri,Lower Subansiri,49,9,40,0,0,0,0,0,0,,
30,AR,Arunachal Pradesh,AR_Namsai,Namsai,195,16,178,1,0,0,0,0,0,,
31,AR,Arunachal Pradesh,AR_Pakke Kessang,Pakke Kessang,21,20,1,0,0,0,0,0,0,,
32,AR,Arunachal Pradesh,AR_Papum Pare,Papum Pare,1230,190,1039,1,0,0,0,0,0,,
33,AR,Arunachal Pradesh,AR_Shi Yomi,Shi Yomi,9,5,4,0,0,0,0,0,0,,
34,AR,Arunachal Pradesh,AR_Siang,Siang,5,2,3,0,0,0,0,0,0,,
35,AR,Arunachal Pradesh,AR_Tawang,Tawang,123,51,72,0,0,0,0,0,0,,
36,AR,Arunachal Pradesh,AR_Tirap,Tirap,106,23,83,0,0,0,0,0,0,,
37,AR,Arunachal Pradesh,AR_Upper Dibang Valley,Upper Dibang Valley,1,1,0,0,0,0,0,0,0,,
38,AR,Arunachal Pradesh,AR_Upper Siang,Upper Siang,43,11,32,0,0,0,0,0,0,,
39,AR,Arunachal Pradesh,AR_Upper Subansiri,Upper Subansiri,133,103,30,0,0,0,0,0,0,,
40,AR,Arunachal Pradesh,AR_West Kameng,West Kameng,304,151,151,2,0,0,0,0,0,,
41,AR,Arunachal Pradesh,AR_West Siang,West Siang,118,65,53,0,0,0,0,0,0,,
0,AS,Assam,AS_Airport Quarantine,Airport Quarantine,13,0,13,0,0,0,0,0,0,,
42,AS,Assam,AS_Baksa,Baksa,487,36,447,4,0,0,0,0,0,,
43,AS,Assam,AS_Barpeta,Barpeta,1121,94,1024,3,0,0,0,0,0,,
44,AS,Assam,AS_Biswanath,Biswanath,467,88,379,0,0,0,0,0,0,,
45,AS,Assam,AS_Bongaigaon,Bongaigaon,1113,277,834,2,0,0,0,0,0,,
46,AS,Assam,AS_Cachar,Cachar,5126,3602,1498,26,0,0,0,0,0,,
47,AS,Assam,AS_Charaideo,Charaideo,113,6,105,2,0,0,0,0,0,,
48,AS,Assam,AS_Chirang,Chirang,280,61,219,0,0,0,0,0,0,,
49,AS,Assam,AS_Darrang,Darrang,1967,229,1730,8,0,0,0,0,0,,
50,AS,Assam,AS_Dhemaji,Dhemaji,502,61,440,1,0,0,0,0,0,,
51,AS,Assam,AS_Dhubri,Dhubri,1723,504,1215,4,0,0,0,0,0,,
52,AS,Assam,AS_Dibrugarh,Dibrugarh,5758,3315,2409,34,0,0,0,0,0,,
53,AS,Assam,AS_Dima Hasao,Dima Hasao,237,38,199,0,0,0,0,0,0,,
54,AS,Assam,AS_Goalpara,Goalpara,658,38,568,1,0,0,0,0,0,,
55,AS,Assam,AS_Golaghat,Golaghat,2387,725,1656,6,0,0,0,0,0,,
56,AS,Assam,AS_Hailakandi,Hailakandi,1387,265,1116,6,0,0,0,0,0,,
57,AS,Assam,AS_Hojai,Hojai,1345,182,1160,3,0,0,0,0,0,,
58,AS,Assam,AS_Jorhat,Jorhat,4004,2240,1752,12,0,0,0,0,0,,
59,AS,Assam,AS_Kamrup,Kamrup,4216,2123,2074,19,0,0,0,0,0,,
60,AS,Assam,AS_Kamrup Metropolitan,Kamrup Metropolitan,26170,11509,14599,62,0,0,0,0,0,,
61,AS,Assam,AS_Karbi Anglong,Karbi Anglong,632,72,552,8,0,0,0,0,0,,
62,AS,Assam,AS_Karimganj,Karimganj,1025,52,955,18,0,0,0,0,0,,
63,AS,Assam,AS_Kokrajhar,Kokrajhar,408,49,353,6,0,0,0,0,0,,
64,AS,Assam,AS_Lakhimpur,Lakhimpur,1266,129,1135,2,0,0,0,0,0,,
65,AS,Assam,AS_Majuli,Majuli,165,84,80,1,0,0,0,0,0,,
66,AS,Assam,AS_Morigaon,Morigaon,638,79,557,2,0,0,0,0,0,,
67,AS,Assam,AS_Nagaon,Nagaon,4040,1526,2506,8,0,0,0,0,0,,
68,AS,Assam,AS_Nalbari,Nalbari,948,113,828,7,0,0,0,0,0,,
0,AS,Assam,AS_Other State,Other State,1,0,1,0,0,0,0,0,0,,
69,AS,Assam,AS_Sivasagar,Sivasagar,529,52,473,4,0,0,0,0,0,,
70,AS,Assam,AS_Sonitpur,Sonitpur,2351,620,1727,4,0,0,0,0,0,,
71,AS,Assam,AS_South Salmara Mankachar,South Salmara Mankachar,51,4,47,0,0,0,0,0,0,,
72,AS,Assam,AS_Tinsukia,Tinsukia,3366,1549,1798,19,0,0,0,0,0,,
73,AS,Assam,AS_Udalguri,Udalguri,758,90,666,2,0,0,0,0,0,,
74,AS,Assam,AS_West Karbi Anglong,West Karbi Anglong,39,2,37,0,0,0,0,0,0,,
75,BR,Bihar,BR_Araria,Araria,2678,577,2091,10,0,84,-72,156,0,,
76,BR,Bihar,BR_Arwal,Arwal,1241,198,1038,5,0,5,-20,25,0,,
77,BR,Bihar,BR_Aurangabad,Aurangabad,2540,374,2159,7,0,67,-20,87,0,,
78,BR,Bihar,BR_Banka,Banka,1543,191,1347,5,0,10,-17,27,0,,
79,BR,Bihar,BR_Begusarai,Begusarai,5090,685,4387,18,0,123,4,118,1,,
80,BR,Bihar,BR_Bhagalpur,Bhagalpur,5116,679,4390,47,0,129,3,126,0,,
81,BR,Bihar,BR_Bhojpur,Bhojpur,3376,448,2904,24,0,29,-18,47,0,,
82,BR,Bihar,BR_Buxar,Buxar,2814,249,2558,7,0,26,-32,58,0,,
83,BR,Bihar,BR_Darbhanga,Darbhanga,2167,377,1775,15,0,21,-31,52,0,,
101,BR,Bihar,BR_East Champaran,East Champaran,4750,1006,3721,23,0,70,-67,137,0,,
84,BR,Bihar,BR_Gaya,Gaya,4447,463,3942,42,0,100,32,68,0,,
85,BR,Bihar,BR_Gopalganj,Gopalganj,2458,384,2072,2,0,58,-10,68,0,,
86,BR,Bihar,BR_Jamui,Jamui,1454,135,1313,6,0,18,5,13,0,,
87,BR,Bihar,BR_Jehanabad,Jehanabad,2239,284,1948,7,0,19,-40,59,0,,
88,BR,Bihar,BR_Kaimur,Kaimur,1237,119,1109,9,0,13,-8,21,0,,
89,BR,Bihar,BR_Katihar,Katihar,4371,674,3689,8,0,65,-2,67,0,,
90,BR,Bihar,BR_Khagaria,Khagaria,2200,182,2010,8,0,3,-29,32,0,,
91,BR,Bihar,BR_Kishanganj,Kishanganj,1911,459,1446,6,0,24,-16,40,0,,
92,BR,Bihar,BR_Lakhisarai,Lakhisarai,1704,303,1397,4,0,20,-24,44,0,,
93,BR,Bihar,BR_Madhepura,Madhepura,1934,364,1563,7,0,31,-26,56,1,,
94,BR,Bihar,BR_Madhubani,Madhubani,4190,943,3243,4,0,95,-53,148,0,,
95,BR,Bihar,BR_Munger,Munger,2290,261,2001,28,0,7,-38,45,0,,
96,BR,Bihar,BR_Muzaffarpur,Muzaffarpur,5610,1028,4556,26,0,104,-33,136,1,,
97,BR,Bihar,BR_Nalanda,Nalanda,4430,521,3881,28,0,30,-66,96,0,,
98,BR,Bihar,BR_Nawada,Nawada,2085,240,1832,13,0,15,5,10,0,,
100,BR,Bihar,BR_Patna,Patna,20018,2377,17492,149,0,297,-226,518,5,,
102,BR,Bihar,BR_Purnia,Purnia,3701,635,3061,5,0,75,-2,77,0,,
103,BR,Bihar,BR_Rohtas,Rohtas,4252,538,3683,31,0,54,-10,64,0,,
104,BR,Bihar,BR_Saharsa,Saharsa,3022,528,2492,2,0,19,-77,95,1,,
105,BR,Bihar,BR_Samastipur,Samastipur,3124,386,2717,21,0,31,-11,42,0,,
106,BR,Bihar,BR_Saran,Saran,4097,687,3388,22,0,37,-51,88,0,,
107,BR,Bihar,BR_Sheikhpura,Sheikhpura,1653,173,1477,3,0,11,-23,34,0,,
108,BR,Bihar,BR_Sheohar,Sheohar,702,134,567,1,0,19,9,10,0,,
109,BR,Bihar,BR_Sitamarhi,Sitamarhi,2556,365,2183,8,0,27,-57,84,0,,
110,BR,Bihar,BR_Siwan,Siwan,2891,348,2528,15,0,9,-76,85,0,,
111,BR,Bihar,BR_Supaul,Supaul,2296,364,1925,7,0,61,33,28,0,,
112,BR,Bihar,BR_Vaishali,Vaishali,3335,324,2986,24,1,24,-3,27,0,,
99,BR,Bihar,BR_West Champaran,West Champaran,3328,488,2825,15,0,30,-13,43,0,,
113,CH,Chandigarh,CH_Chandigarh,Chandigarh,3564,1544,1977,43,0,188,9,177,2,,
0,CT,Chhattisgarh,CT_Other State,Other State,46,25,16,5,0,0,0,0,0,,
114,CT,Chhattisgarh,CT_Balod,Balod,311,126,185,0,0,0,0,0,0,,
115,CT,Chhattisgarh,CT_Baloda Bazar,Baloda Bazar,689,181,505,3,0,0,0,0,0,,
116,CT,Chhattisgarh,CT_Balrampur,Balrampur,266,11,255,0,0,0,0,0,0,,
117,CT,Chhattisgarh,CT_Bametara,Bametara,247,38,206,3,0,0,0,0,0,,
118,CT,Chhattisgarh,CT_Bastar,Bastar,625,316,307,2,0,0,0,0,0,,
119,CT,Chhattisgarh,CT_Bijapur,Bijapur,380,276,102,2,0,0,0,0,0,,
120,CT,Chhattisgarh,CT_Bilaspur,Bilaspur,1432,464,959,9,0,0,0,0,0,,
121,CT,Chhattisgarh,CT_Dakshin Bastar Dantewada,Dakshin Bastar Dantewada,318,153,163,2,0,0,0,0,0,,
122,CT,Chhattisgarh,CT_Dhamtari,Dhamtari,186,99,86,1,0,0,0,0,0,,
123,CT,Chhattisgarh,CT_Durg,Durg,2443,1123,1290,30,0,0,0,0,0,,
124,CT,Chhattisgarh,CT_Gariaband,Gariaband,239,100,137,2,0,0,0,0,0,,
125,CT,Chhattisgarh,CT_Janjgir Champa,Janjgir Champa,822,198,618,6,0,0,0,0,0,,
126,CT,Chhattisgarh,CT_Jashpur,Jashpur,395,74,321,0,0,0,0,0,0,,
127,CT,Chhattisgarh,CT_Kabeerdham,Kabeerdham,313,64,248,1,0,0,0,0,0,,
128,CT,Chhattisgarh,CT_Kondagaon,Kondagaon,323,181,142,0,0,0,0,0,0,,
129,CT,Chhattisgarh,CT_Korba,Korba,632,140,488,4,0,0,0,0,0,,
130,CT,Chhattisgarh,CT_Koriya,Koriya,314,138,172,4,0,0,0,0,0,,
131,CT,Chhattisgarh,CT_Mahasamund,Mahasamund,412,171,236,5,0,0,0,0,0,,
132,CT,Chhattisgarh,CT_Mungeli,Mungeli,238,52,186,0,0,0,0,0,0,,
133,CT,Chhattisgarh,CT_Narayanpur,Narayanpur,395,58,337,0,0,0,0,0,0,,
134,CT,Chhattisgarh,CT_Raigarh,Raigarh,1321,706,604,11,0,0,0,0,0,,
135,CT,Chhattisgarh,CT_Raipur,Raipur,8736,4260,4353,123,0,0,0,0,0,,
136,CT,Chhattisgarh,CT_Rajnandgaon,Rajnandgaon,1692,418,1264,10,0,0,0,0,0,,
137,CT,Chhattisgarh,CT_Sukma,Sukma,434,286,148,0,0,0,0,0,0,,
138,CT,Chhattisgarh,CT_Surajpur,Surajpur,224,97,126,1,0,0,0,0,0,,
139,CT,Chhattisgarh,CT_Surguja,Surguja,492,156,332,4,0,0,0,0,0,,
140,CT,Chhattisgarh,CT_Uttar Bastar Kanker,Uttar Bastar Kanker,588,259,326,3,0,0,0,0,0,,
766,CT,Chhattisgarh,CT_Gaurela Pendra Marwahi,Gaurela Pendra Marwahi,37,4,33,0,0,0,0,0,0,,
144,DL,Delhi,DL_Central Delhi,Central Delhi,184,184,0,0,0,0,0,0,0,District-wise numbers are out-dated as cumulative counts for each district are not reported in bulletin,
145,DL,Delhi,DL_East Delhi,East Delhi,38,38,0,0,0,0,0,0,0,District-wise numbers are out-dated as cumulative counts for each district are not reported in bulletin,
146,DL,Delhi,DL_New Delhi,New Delhi,37,37,0,0,0,0,0,0,0,District-wise numbers are out-dated as cumulative counts for each district are not reported in bulletin,
147,DL,Delhi,DL_North Delhi,North Delhi,60,60,0,0,0,0,0,0,0,District-wise numbers are out-dated as cumulative counts for each district are not reported in bulletin,
148,DL,Delhi,DL_North East Delhi,North East Delhi,25,25,0,0,0,0,0,0,0,District-wise numbers are out-dated as cumulative counts for each district are not reported in bulletin,
149,DL,Delhi,DL_North West Delhi,North West Delhi,32,31,0,1,0,0,0,0,0,District-wise numbers are out-dated as cumulative counts for each district are not reported in bulletin,
150,DL,Delhi,DL_Shahdara,Shahdara,48,48,0,0,0,0,0,0,0,District-wise numbers are out-dated as cumulative counts for each district are not reported in bulletin,
151,DL,Delhi,DL_South Delhi,South Delhi,70,70,0,0,0,0,0,0,0,District-wise numbers are out-dated as cumulative counts for each district are not reported in bulletin,
152,DL,Delhi,DL_South East Delhi,South East Delhi,130,130,0,0,0,0,0,0,0,District-wise numbers are out-dated as cumulative counts for each district are not reported in bulletin,
153,DL,Delhi,DL_South West Delhi,South West Delhi,42,42,0,0,0,0,0,0,0,District-wise numbers are out-dated as cumulative counts for each district are not reported in bulletin,
154,DL,Delhi,DL_West Delhi,West Delhi,122,122,0,0,0,0,0,0,0,District-wise numbers are out-dated as cumulative counts for each district are not reported in bulletin,
0,DN,Dadra and Nagar Haveli and Daman and Diu,DN_Other State,Other State,0,0,0,0,0,0,0,0,0,,
141,DN,Dadra and Nagar Haveli and Daman and Diu,DN_Dadra and Nagar Haveli,Dadra and Nagar Haveli,1060,186,868,1,5,11,-21,32,0,,
142,DN,Dadra and Nagar Haveli and Daman and Diu,DN_Daman,Daman,991,93,889,1,8,7,-10,17,0,,
143,DN,Dadra and Nagar Haveli and Daman and Diu,DN_Diu,Diu,211,43,156,0,12,24,17,7,0,,
0,GA,Goa,GA_Other State,Other State,197,9,188,0,0,0,0,0,0,District-wise numbers are out-dated as cumulative counts for each district are not reported in bulletin,
155,GA,Goa,GA_North Goa,North Goa,2486,1480,951,55,0,0,0,0,0,District-wise numbers are out-dated as cumulative counts for each district are not reported in bulletin,
156,GA,Goa,GA_South Goa,South Goa,3375,1862,1403,110,0,0,0,0,0,District-wise numbers are out-dated as cumulative counts for each district are not reported in bulletin,
0,GJ,Gujarat,GJ_Other State,Other State,162,35,125,2,0,0,0,0,0,,
157,GJ,Gujarat,GJ_Ahmedabad,Ahmedabad,30845,3388,25757,1700,0,163,8,152,3,,
158,GJ,Gujarat,GJ_Amreli,Amreli,1183,374,792,17,0,30,16,13,1,,
159,GJ,Gujarat,GJ_Anand,Anand,733,49,668,16,0,7,-13,19,1,,
160,GJ,Gujarat,GJ_Aravalli,Aravalli,392,66,302,24,0,4,4,0,0,,
161,GJ,Gujarat,GJ_Banaskantha,Banaskantha,1060,-6,1049,17,0,17,5,12,0,,
162,GJ,Gujarat,GJ_Bharuch,Bharuch,1471,274,1186,11,0,21,6,15,0,,
163,GJ,Gujarat,GJ_Bhavnagar,Bhavnagar,2587,404,2142,41,0,51,13,38,0,,
164,GJ,Gujarat,GJ_Botad,Botad,473,108,360,5,0,14,9,5,0,,
165,GJ,Gujarat,GJ_Chhota Udaipur,Chhota Udaipur,279,43,234,2,0,11,4,7,0,,
167,GJ,Gujarat,GJ_Dahod,Dahod,1133,312,815,6,0,19,-1,20,0,,
187,GJ,Gujarat,GJ_Dang,Dang,49,18,31,0,0,7,7,0,0,,
166,GJ,Gujarat,GJ_Devbhumi Dwarka,Devbhumi Dwarka,214,119,91,4,0,17,17,0,0,,
168,GJ,Gujarat,GJ_Gandhinagar,Gandhinagar,2279,310,1919,50,0,28,10,18,0,,
169,GJ,Gujarat,GJ_Gir Somnath,Gir Somnath,904,151,743,10,0,17,3,14,0,,
170,GJ,Gujarat,GJ_Jamnagar,Jamnagar,2263,407,1832,24,0,89,-21,110,0,,
171,GJ,Gujarat,GJ_Junagadh,Junagadh,1647,305,1314,28,0,28,-1,29,0,,
173,GJ,Gujarat,GJ_Kheda,Kheda,921,75,830,16,0,8,-3,11,0,,
172,GJ,Gujarat,GJ_Kutch,Kutch,1211,355,826,30,0,27,0,26,1,,
175,GJ,Gujarat,GJ_Mahisagar,Mahisagar,566,73,491,2,0,11,11,0,0,,
174,GJ,Gujarat,GJ_Mehsana,Mehsana,1505,412,1066,27,0,21,-20,41,0,,
176,GJ,Gujarat,GJ_Morbi,Morbi,822,199,610,13,0,24,2,22,0,,
177,GJ,Gujarat,GJ_Narmada,Narmada,593,86,507,0,0,14,1,13,0,,
178,GJ,Gujarat,GJ_Navsari,Navsari,841,98,737,6,0,12,8,4,0,,
179,GJ,Gujarat,GJ_Panchmahal,Panchmahal,1309,435,857,17,0,28,13,15,0,,
180,GJ,Gujarat,GJ_Patan,Patan,938,41,859,38,0,16,5,10,1,,
181,GJ,Gujarat,GJ_Porbandar,Porbandar,300,10,286,4,0,5,-63,68,0,,
182,GJ,Gujarat,GJ_Rajkot,Rajkot,4339,1789,2464,86,0,96,23,70,3,,
183,GJ,Gujarat,GJ_Sabarkantha,Sabarkantha,676,104,564,8,0,7,4,3,0,,
184,GJ,Gujarat,GJ_Surat,Surat,19611,2711,16288,612,0,258,41,212,5,,
185,GJ,Gujarat,GJ_Surendranagar,Surendranagar,1118,255,853,10,0,5,-11,16,0,,
186,GJ,Gujarat,GJ_Tapi,Tapi,279,20,255,4,0,7,1,6,0,,
188,GJ,Gujarat,GJ_Vadodara,Vadodara,7685,1668,5895,122,0,123,-91,213,1,,
189,GJ,Gujarat,GJ_Valsad,Valsad,941,78,853,10,0,5,-7,11,1,,
212,HP,Himachal Pradesh,HP_Bilaspur,Bilaspur,285,122,163,0,0,0,0,0,0,,
213,HP,Himachal Pradesh,HP_Chamba,Chamba,374,96,273,4,1,0,0,0,0,One death of COVID-19 positive patient has occured due to non-covid reasons,
214,HP,Himachal Pradesh,HP_Hamirpur,Hamirpur,468,59,405,4,0,0,0,0,0,,
215,HP,Himachal Pradesh,HP_Kangra,Kangra,728,156,563,7,2,0,0,0,0,Death of Tibetan refugee on March 22 included in Kangra district's tally,
216,HP,Himachal Pradesh,HP_Kinnaur,Kinnaur,77,23,54,0,0,0,0,0,0,,
217,HP,Himachal Pradesh,HP_Kullu,Kullu,270,97,172,0,1,0,0,0,0,,
218,HP,Himachal Pradesh,HP_Lahaul and Spiti,Lahaul and Spiti,7,2,5,0,0,0,0,0,0,,
219,HP,Himachal Pradesh,HP_Mandi,Mandi,391,97,287,7,0,0,0,0,0,,
220,HP,Himachal Pradesh,HP_Shimla,Shimla,287,71,213,2,1,0,0,0,0,One death of COVID-19 positive patient has occured due to non-covid reasons,
221,HP,Himachal Pradesh,HP_Sirmaur,Sirmaur,717,197,512,1,7,0,0,0,0,,
222,HP,Himachal Pradesh,HP_Solan,Solan,1312,407,863,6,36,0,0,0,0,,
223,HP,Himachal Pradesh,HP_Una,Una,405,103,300,0,2,0,0,0,0,,
0,HR,Haryana,HR_Foreign Evacuees,Foreign Evacuees,0,0,0,0,0,0,0,0,0,,
190,HR,Haryana,HR_Ambala,Ambala,3430,446,2955,29,0,71,-4,75,0,,
191,HR,Haryana,HR_Bhiwani,Bhiwani,1246,208,1028,10,0,46,40,6,0,,
192,HR,Haryana,HR_Charkhi Dadri,Charkhi Dadri,266,80,185,1,0,0,0,0,0,,
193,HR,Haryana,HR_Faridabad,Faridabad,12189,702,11320,167,0,96,-46,141,1,,
194,HR,Haryana,HR_Fatehabad,Fatehabad,830,263,559,8,0,47,36,11,0,,
195,HR,Haryana,HR_Gurugram,Gurugram,11443,936,10375,132,0,141,47,93,1,,
196,HR,Haryana,HR_Hisar,Hisar,1982,616,1353,13,0,61,12,49,0,,
0,HR,Haryana,HR_Italians,Italians,0,0,0,0,0,0,0,0,0,,
197,HR,Haryana,HR_Jhajjar,Jhajjar,1142,117,1008,17,0,24,4,19,1,,
198,HR,Haryana,HR_Jind,Jind,533,154,371,8,0,21,21,0,0,,
199,HR,Haryana,HR_Kaithal,Kaithal,891,361,521,9,0,62,42,20,0,,
200,HR,Haryana,HR_Karnal,Karnal,2373,715,1633,25,0,37,-18,54,1,,
201,HR,Haryana,HR_Kurukshetra,Kurukshetra,1496,530,937,29,0,45,17,26,2,,
202,HR,Haryana,HR_Mahendragarh,Mahendragarh,1564,319,1244,1,0,63,0,63,0,,
203,HR,Haryana,HR_Nuh,Nuh,711,67,630,14,0,18,10,7,1,,
204,HR,Haryana,HR_Palwal,Palwal,1440,98,1331,11,0,15,-4,19,0,,
205,HR,Haryana,HR_Panchkula,Panchkula,1923,730,1178,15,0,94,72,20,2,,
206,HR,Haryana,HR_Panipat,Panipat,3228,1068,2119,41,0,79,59,20,0,,
207,HR,Haryana,HR_Rewari,Rewari,3277,524,2735,18,0,75,44,29,2,,
208,HR,Haryana,HR_Rohtak,Rohtak,2774,605,2140,29,0,47,-21,67,1,,
209,HR,Haryana,HR_Sirsa,Sirsa,1166,391,764,11,0,47,-207,254,0,,
210,HR,Haryana,HR_Sonipat,Sonipat,4076,511,3524,41,0,123,91,32,0,,
211,HR,Haryana,HR_Yamunanagar,Yamunanagar,1318,521,780,17,0,81,9,72,0,,
246,JH,Jharkhand,JH_Bokaro,Bokaro,1117,383,720,14,0,0,-1,0,1,,
247,JH,Jharkhand,JH_Chatra,Chatra,537,110,425,2,0,0,-1,0,1,,
248,JH,Jharkhand,JH_Deoghar,Deoghar,1170,148,1011,11,0,0,0,0,0,,
249,JH,Jharkhand,JH_Dhanbad,Dhanbad,2719,819,1873,27,0,0,0,0,0,,
250,JH,Jharkhand,JH_Dumka,Dumka,359,154,203,2,0,0,0,0,0,,
264,JH,Jharkhand,JH_East Singhbhum,East Singhbhum,5654,2113,3382,159,0,0,-1,0,1,,
251,JH,Jharkhand,JH_Garhwa,Garhwa,977,194,777,6,0,0,0,0,0,,
252,JH,Jharkhand,JH_Giridih,Giridih,1535,204,1324,7,0,0,0,0,0,,
253,JH,Jharkhand,JH_Godda,Godda,715,46,666,3,0,0,0,0,0,,
254,JH,Jharkhand,JH_Gumla,Gumla,701,169,530,2,0,0,0,0,0,,
255,JH,Jharkhand,JH_Hazaribagh,Hazaribagh,1530,466,1045,19,0,0,0,0,0,,
256,JH,Jharkhand,JH_Jamtara,Jamtara,298,105,193,0,0,0,0,0,0,,
257,JH,Jharkhand,JH_Khunti,Khunti,585,200,383,2,0,0,0,0,0,,
258,JH,Jharkhand,JH_Koderma,Koderma,1081,261,807,13,0,0,-1,0,1,,
259,JH,Jharkhand,JH_Latehar,Latehar,798,248,550,0,0,0,0,0,0,,
260,JH,Jharkhand,JH_Lohardaga,Lohardaga,508,119,386,3,0,0,-1,0,1,,
261,JH,Jharkhand,JH_Pakur,Pakur,438,80,358,0,0,0,0,0,0,,
262,JH,Jharkhand,JH_Palamu,Palamu,1422,266,1151,5,0,0,0,0,0,,
265,JH,Jharkhand,JH_Ramgarh,Ramgarh,1115,393,712,10,0,0,0,0,0,,
266,JH,Jharkhand,JH_Ranchi,Ranchi,6584,2875,3652,57,0,0,0,0,0,,
267,JH,Jharkhand,JH_Sahibganj,Sahibganj,591,279,305,7,0,0,0,0,0,,
268,JH,Jharkhand,JH_Saraikela-Kharsawan,Saraikela-Kharsawan,788,294,490,4,0,0,0,0,0,,
269,JH,Jharkhand,JH_Simdega,Simdega,923,172,747,4,0,0,0,0,0,,
263,JH,Jharkhand,JH_West Singhbhum,West Singhbhum,1166,360,796,10,0,0,0,0,0,,
224,JK,Jammu and Kashmir,JK_Anantnag,Anantnag,2220,500,1672,48,0,27,14,12,1,,
226,JK,Jammu and Kashmir,JK_Bandipora,Bandipora,2025,719,1282,24,0,51,-71,122,0,,
227,JK,Jammu and Kashmir,JK_Baramulla,Baramulla,2727,547,2081,99,0,33,13,20,0,,
225,JK,Jammu and Kashmir,JK_Budgam,Budgam,2331,626,1648,57,0,60,27,31,2,,
228,JK,Jammu and Kashmir,JK_Doda,Doda,394,59,333,2,0,10,6,4,0,,
229,JK,Jammu and Kashmir,JK_Ganderbal,Ganderbal,1304,577,708,19,0,25,-9,34,0,,
230,JK,Jammu and Kashmir,JK_Jammu,Jammu,2648,786,1824,38,0,87,42,44,1,,
231,JK,Jammu and Kashmir,JK_Kathua,Kathua,807,162,642,3,0,25,23,1,1,,
232,JK,Jammu and Kashmir,JK_Kishtwar,Kishtwar,209,24,184,1,0,3,-3,6,0,,
233,JK,Jammu and Kashmir,JK_Kulgam,Kulgam,1885,220,1632,33,0,8,-16,22,2,,
234,JK,Jammu and Kashmir,JK_Kupwara,Kupwara,1989,619,1325,45,0,46,-4,50,0,,
235,JK,Jammu and Kashmir,JK_Mirpur,Mirpur,0,0,0,0,0,0,0,0,0,,
236,JK,Jammu and Kashmir,JK_Muzaffarabad,Muzaffarabad,0,0,0,0,0,0,0,0,0,,
237,JK,Jammu and Kashmir,JK_Pulwama,Pulwama,2484,470,1966,48,0,42,-3,44,1,,
238,JK,Jammu and Kashmir,JK_Punch,Punch,388,70,315,3,0,5,-3,8,0,,
239,JK,Jammu and Kashmir,JK_Rajouri,Rajouri,865,100,760,5,0,7,6,0,1,,
240,JK,Jammu and Kashmir,JK_Ramban,Ramban,651,23,627,1,0,0,0,0,0,,
241,JK,Jammu and Kashmir,JK_Reasi,Reasi,362,180,182,0,0,2,1,1,0,,
242,JK,Jammu and Kashmir,JK_Samba,Samba,682,191,489,2,0,11,-14,25,0,,
243,JK,Jammu and Kashmir,JK_Shopiyan,Shopiyan,1669,121,1520,28,0,23,22,1,0,,
244,JK,Jammu and Kashmir,JK_Srinagar,Srinagar,8735,1626,6896,213,0,182,74,103,5,,
245,JK,Jammu and Kashmir,JK_Udhampur,Udhampur,760,123,635,2,0,8,8,0,0,,
270,KA,Karnataka,KA_Bagalkote,Bagalkote,5610,829,4712,69,0,121,-1,119,3,,
271,KA,Karnataka,KA_Ballari,Ballari,19596,5629,13724,243,0,550,84,460,6,,
272,KA,Karnataka,KA_Belagavi,Belagavi,11153,4435,6545,173,0,318,77,236,5,,
274,KA,Karnataka,KA_Bengaluru Rural,Bengaluru Rural,4269,683,3559,27,0,59,20,36,3,,
273,KA,Karnataka,KA_Bengaluru Urban,Bengaluru Urban,118728,35989,80893,1845,1,3357,-64,3362,59,,
275,KA,Karnataka,KA_Bidar,Bidar,4331,602,3592,133,4,76,-32,105,3,,
276,KA,Karnataka,KA_Chamarajanagara,Chamarajanagara,2179,469,1666,33,11,36,2,31,3,,
277,KA,Karnataka,KA_Chikkaballapura,Chikkaballapura,3746,633,3053,59,1,101,11,90,0,,
278,KA,Karnataka,KA_Chikkamagaluru,Chikkamagaluru,3483,1165,2257,61,0,229,164,65,0,,
279,KA,Karnataka,KA_Chitradurga,Chitradurga,2206,676,1510,20,0,61,22,39,0,,
280,KA,Karnataka,KA_Dakshina Kannada,Dakshina Kannada,11389,2372,8680,335,2,297,33,257,7,,
281,KA,Karnataka,KA_Davanagere,Davanagere,8159,1959,6028,172,0,391,155,236,0,,
282,KA,Karnataka,KA_Dharwad,Dharwad,10159,2634,7236,289,0,234,104,130,0,,
283,KA,Karnataka,KA_Gadag,Gadag,4626,1244,3311,71,0,110,30,78,2,,
284,KA,Karnataka,KA_Hassan,Hassan,6885,2118,4600,167,0,334,99,232,3,,
285,KA,Karnataka,KA_Haveri,Haveri,3906,1311,2504,91,0,117,3,109,5,,
286,KA,Karnataka,KA_Kalaburagi,Kalaburagi,10957,1842,8917,198,0,232,24,205,3,,
287,KA,Karnataka,KA_Kodagu,Kodagu,1275,212,1046,17,0,25,-30,54,1,,
288,KA,Karnataka,KA_Kolar,Kolar,3195,651,2488,56,0,108,88,20,0,,
289,KA,Karnataka,KA_Koppal,Koppal,5558,1521,3918,119,0,155,53,97,5,,
290,KA,Karnataka,KA_Mandya,Mandya,4731,1432,3248,51,0,197,-59,254,2,,
291,KA,Karnataka,KA_Mysuru,Mysuru,15775,4271,11105,399,0,895,428,449,18,,
0,KA,Karnataka,KA_Other State,Other State,36,0,33,3,0,0,0,0,0,,
292,KA,Karnataka,KA_Raichur,Raichur,6513,1440,4992,81,0,239,159,79,1,,
293,KA,Karnataka,KA_Ramanagara,Ramanagara,2862,864,1975,23,0,105,9,94,2,,
294,KA,Karnataka,KA_Shivamogga,Shivamogga,7201,2395,4710,96,0,306,35,271,0,,
295,KA,Karnataka,KA_Tumakuru,Tumakuru,4654,1332,3187,135,0,127,-2,126,3,,
296,KA,Karnataka,KA_Udupi,Udupi,10913,2746,8075,92,0,209,-6,214,1,,
297,KA,Karnataka,KA_Uttara Kannada,Uttara Kannada,4463,1115,3300,48,0,164,50,111,3,,
298,KA,Karnataka,KA_Vijayapura,Vijayapura,6193,823,5279,91,0,121,-58,176,3,,
299,KA,Karnataka,KA_Yadgir,Yadgir,5041,1595,3411,35,0,112,-19,131,0,,
0,KL,Kerala,KL_Other State,Other State,0,0,0,0,0,0,0,0,0,,
300,KL,Kerala,KL_Alappuzha,Alappuzha,5080,2163,2897,14,6,172,41,130,1,,
301,KL,Kerala,KL_Ernakulam,Ernakulam,5377,1902,3436,32,7,140,50,90,0,,
302,KL,Kerala,KL_Idukki,Idukki,1619,346,1269,3,1,27,-1,28,0,,
303,KL,Kerala,KL_Kannur,Kannur,3178,928,2225,23,2,102,-20,119,3,,
304,KL,Kerala,KL_Kasaragod,Kasaragod,4524,1379,3118,24,3,231,147,84,0,,
305,KL,Kerala,KL_Kollam,Kollam,3672,1178,2474,17,3,176,117,59,0,,
306,KL,Kerala,KL_Kottayam,Kottayam,3443,1259,2181,3,0,189,115,74,0,,
307,KL,Kerala,KL_Kozhikode,Kozhikode,4830,1652,3146,27,5,238,147,90,1,,
308,KL,Kerala,KL_Malappuram,Malappuram,8353,3013,5314,21,5,230,-308,538,0,,
309,KL,Kerala,KL_Palakkad,Palakkad,4332,882,3445,3,2,195,139,56,0,,
310,KL,Kerala,KL_Pathanamthitta,Pathanamthitta,3042,996,2041,3,2,167,130,37,0,,
311,KL,Kerala,KL_Thiruvananthapuram,Thiruvananthapuram,14076,5436,8536,81,23,352,-275,623,4,,
312,KL,Kerala,KL_Thrissur,Thrissur,3816,1283,2516,13,4,162,66,95,1,,
313,KL,Kerala,KL_Wayanad,Wayanad,1419,256,1159,4,0,25,-19,44,0,,
314,LA,Ladakh,LA_Kargil,Kargil,1162,318,827,17,0,0,0,0,0,,
315,LA,Ladakh,LA_Leh,Leh,1289,528,753,8,0,0,0,0,0,,
316,LD,Lakshadweep,LD_Lakshadweep,Lakshadweep,0,0,0,0,0,0,0,0,0,,
369,MH,Maharashtra,MH_Ahmednagar,Ahmednagar,18501,3852,14378,271,0,605,-50,647,8,,
370,MH,Maharashtra,MH_Akola,Akola,3668,593,2923,151,1,57,19,36,2,,
371,MH,Maharashtra,MH_Amravati,Amravati,4719,1042,3565,112,0,134,53,81,0,,
372,MH,Maharashtra,MH_Aurangabad,Aurangabad,22028,5738,15649,641,0,283,139,138,6,,
374,MH,Maharashtra,MH_Beed,Beed,4432,1725,2600,107,0,58,-89,145,2,,
373,MH,Maharashtra,MH_Bhandara,Bhandara,861,261,579,21,0,42,-37,75,4,,
375,MH,Maharashtra,MH_Buldhana,Buldhana,3043,924,2048,71,0,78,8,68,2,,
376,MH,Maharashtra,MH_Chandrapur,Chandrapur,1688,739,934,15,0,129,116,13,0,,
377,MH,Maharashtra,MH_Dhule,Dhule,7113,1915,5001,195,2,154,47,102,5,,
378,MH,Maharashtra,MH_Gadchiroli,Gadchiroli,650,92,557,1,0,25,23,2,0,,
379,MH,Maharashtra,MH_Gondia,Gondia,1215,425,775,15,0,67,58,9,0,,
380,MH,Maharashtra,MH_Hingoli,Hingoli,1352,260,1061,31,0,60,47,12,1,,
381,MH,Maharashtra,MH_Jalgaon,Jalgaon,24627,7004,16819,804,0,711,205,496,10,,
382,MH,Maharashtra,MH_Jalna,Jalna,4052,1396,2529,127,0,43,-62,101,4,,
383,MH,Maharashtra,MH_Kolhapur,Kolhapur,19588,6200,12826,562,0,512,251,234,27,,
384,MH,Maharashtra,MH_Latur,Latur,7235,2877,4111,247,0,213,86,124,3,,
385,MH,Maharashtra,MH_Mumbai,Mumbai,140888,19463,113577,7535,313,1351,487,834,30,,
386,MH,Maharashtra,MH_Mumbai Suburban,Mumbai Suburban,0,0,0,0,0,0,0,0,0,,
387,MH,Maharashtra,MH_Nagpur,Nagpur,23622,10315,12686,618,3,1244,629,579,36,District administration provides number of persons tested instead of the number of samples tested.,
388,MH,Maharashtra,MH_Nanded,Nanded,6019,2885,2938,196,0,294,198,65,31,,
389,MH,Maharashtra,MH_Nandurbar,Nandurbar,2218,1026,1127,65,0,143,89,51,3,,
390,MH,Maharashtra,MH_Nashik,Nashik,35620,10524,24283,813,0,1005,-212,1185,32,,
391,MH,Maharashtra,MH_Osmanabad,Osmanabad,5377,1973,3259,145,0,49,-50,95,4,,
0,MH,Maharashtra,MH_Other State,Other State,697,627,0,70,0,22,19,0,3,,
392,MH,Maharashtra,MH_Palghar,Palghar,24463,6762,17140,561,0,306,76,228,2,,
393,MH,Maharashtra,MH_Parbhani,Parbhani,2343,1305,968,70,0,74,-7,81,0,,
394,MH,Maharashtra,MH_Pune,Pune,161945,46124,111905,3916,0,3676,2121,1508,47,,
395,MH,Maharashtra,MH_Raigad,Raigad,28143,5447,21946,748,2,521,415,86,20,,
396,MH,Maharashtra,MH_Ratnagiri,Ratnagiri,3676,1421,2126,129,0,87,4,83,0,,
397,MH,Maharashtra,MH_Sangli,Sangli,10636,4154,6126,356,0,528,126,385,17,,
398,MH,Maharashtra,MH_Satara,Satara,11530,4527,6688,313,2,535,311,222,2,,
399,MH,Maharashtra,MH_Sindhudurg,Sindhudurg,1049,462,571,16,0,19,-9,28,0,,
400,MH,Maharashtra,MH_Solapur,Solapur,18051,4383,12932,735,1,313,36,259,18,,
401,MH,Maharashtra,MH_Thane,Thane,127374,20233,103463,3677,1,1332,212,1089,31,,
402,MH,Maharashtra,MH_Wardha,Wardha,727,334,376,16,1,41,28,10,3,,
403,MH,Maharashtra,MH_Washim,Washim,1557,283,1248,25,1,29,-36,65,0,,
404,MH,Maharashtra,MH_Yavatmal,Yavatmal,2861,943,1849,69,0,117,115,0,2,,
421,ML,Meghalaya,ML_East Garo Hills,East Garo Hills,40,39,1,0,0,27,27,0,0,,
422,ML,Meghalaya,ML_East Jaintia Hills,East Jaintia Hills,32,12,20,0,0,0,0,0,0,,
423,ML,Meghalaya,ML_East Khasi Hills,East Khasi Hills,1436,847,585,4,0,29,25,4,0,,
424,ML,Meghalaya,ML_North Garo Hills,North Garo Hills,17,10,7,0,0,1,-3,4,0,,
425,ML,Meghalaya,ML_Ribhoi,Ribhoi,183,68,112,3,0,0,-10,10,0,,
426,ML,Meghalaya,ML_South Garo Hills,South Garo Hills,17,11,6,0,0,1,-1,2,0,,
427,ML,Meghalaya,ML_South West Garo Hills,South West Garo Hills,14,3,11,0,0,2,2,0,0,,
428,ML,Meghalaya,ML_South West Khasi Hills,South West Khasi Hills,1,0,1,0,0,0,0,0,0,,
429,ML,Meghalaya,ML_West Garo Hills,West Garo Hills,291,176,114,1,0,4,4,0,0,,
430,ML,Meghalaya,ML_West Jaintia Hills,West Jaintia Hills,27,2,25,0,0,0,-1,1,0,,
431,ML,Meghalaya,ML_West Khasi Hills,West Khasi Hills,56,43,13,0,0,0,0,0,0,,
0,MN,Manipur,MN_CAPF Personnel,CAPF Personnel,928,365,562,1,0,18,-28,46,0,,
405,MN,Manipur,MN_Bishnupur,Bishnupur,193,134,58,1,0,4,4,0,0,,
406,MN,Manipur,MN_Chandel,Chandel,96,89,4,3,0,6,6,0,0,,
407,MN,Manipur,MN_Churachandpur,Churachandpur,367,308,58,1,0,2,2,0,0,,
408,MN,Manipur,MN_Imphal East,Imphal East,465,446,16,3,0,10,10,0,0,,
409,MN,Manipur,MN_Imphal West,Imphal West,1234,1175,52,7,0,85,85,0,0,,
410,MN,Manipur,MN_Jiribam,Jiribam,114,112,2,0,0,0,0,0,0,,
411,MN,Manipur,MN_Kakching,Kakching,184,157,27,0,0,0,0,0,0,,
412,MN,Manipur,MN_Kamjong,Kamjong,159,142,17,0,0,0,0,0,0,,
413,MN,Manipur,MN_Kangpokpi,Kangpokpi,326,305,19,2,0,5,5,0,0,,
414,MN,Manipur,MN_Noney,Noney,61,43,18,0,0,0,0,0,0,,
415,MN,Manipur,MN_Pherzawl,Pherzawl,33,18,15,0,0,0,0,0,0,,
416,MN,Manipur,MN_Senapati,Senapati,259,238,21,0,0,1,1,0,0,,
417,MN,Manipur,MN_Tamenglong,Tamenglong,246,214,32,0,0,0,0,0,0,,
418,MN,Manipur,MN_Tengnoupal,Tengnoupal,20,7,13,0,0,0,0,0,0,,
419,MN,Manipur,MN_Thoubal,Thoubal,554,526,23,5,0,8,8,0,0,,
420,MN,Manipur,MN_Ukhrul,Ukhrul,282,264,18,0,0,1,1,0,0,,
317,MP,Madhya Pradesh,MP_Agar Malwa,Agar Malwa,179,35,139,5,0,2,-6,8,0,,
318,MP,Madhya Pradesh,MP_Alirajpur,Alirajpur,447,160,283,4,0,30,7,22,1,,
319,MP,Madhya Pradesh,MP_Anuppur,Anuppur,348,196,151,1,0,13,6,7,0,,
320,MP,Madhya Pradesh,MP_Ashoknagar,Ashoknagar,172,29,138,5,0,7,6,1,0,,
321,MP,Madhya Pradesh,MP_Balaghat,Balaghat,265,52,212,1,0,10,0,10,0,,
322,MP,Madhya Pradesh,MP_Barwani,Barwani,1079,101,963,15,0,17,6,10,1,,
323,MP,Madhya Pradesh,MP_Betul,Betul,599,202,386,11,0,11,-14,25,0,,
324,MP,Madhya Pradesh,MP_Bhind,Bhind,582,50,528,4,0,8,5,3,0,,
325,MP,Madhya Pradesh,MP_Bhopal,Bhopal,9825,1443,8115,267,0,155,-106,260,1,,
326,MP,Madhya Pradesh,MP_Burhanpur,Burhanpur,550,28,497,25,0,2,1,1,0,,
327,MP,Madhya Pradesh,MP_Chhatarpur,Chhatarpur,549,81,455,13,0,10,10,0,0,,
328,MP,Madhya Pradesh,MP_Chhindwara,Chhindwara,424,106,312,6,0,13,3,9,1,,
329,MP,Madhya Pradesh,MP_Damoh,Damoh,584,158,414,12,0,23,20,3,0,,
330,MP,Madhya Pradesh,MP_Datia,Datia,596,155,435,6,0,27,24,3,0,,
331,MP,Madhya Pradesh,MP_Dewas,Dewas,645,101,529,15,0,11,-15,26,0,,
332,MP,Madhya Pradesh,MP_Dhar,Dhar,801,209,577,15,0,36,36,0,0,,
333,MP,Madhya Pradesh,MP_Dindori,Dindori,127,27,100,0,0,1,1,0,0,,
335,MP,Madhya Pradesh,MP_Guna,Guna,261,107,146,8,0,7,6,1,0,,
336,MP,Madhya Pradesh,MP_Gwalior,Gwalior,4606,1128,3438,40,0,156,32,121,3,,
337,MP,Madhya Pradesh,MP_Harda,Harda,408,90,309,9,0,6,1,5,0,,
338,MP,Madhya Pradesh,MP_Hoshangabad,Hoshangabad,510,120,373,17,0,20,15,5,0,,
339,MP,Madhya Pradesh,MP_Indore,Indore,12031,3166,8490,375,0,171,-33,200,4,,
340,MP,Madhya Pradesh,MP_Jabalpur,Jabalpur,3582,854,2657,71,0,126,14,110,2,,
341,MP,Madhya Pradesh,MP_Jhabua,Jhabua,570,271,293,6,0,49,40,9,0,,
342,MP,Madhya Pradesh,MP_Katni,Katni,436,94,334,8,0,9,3,6,0,,
334,MP,Madhya Pradesh,MP_Khandwa,Khandwa,882,98,763,21,0,15,12,3,0,,
368,MP,Madhya Pradesh,MP_Khargone,Khargone,1410,213,1171,26,0,36,9,26,1,,
343,MP,Madhya Pradesh,MP_Mandla,Mandla,147,56,90,1,0,3,0,3,0,,
344,MP,Madhya Pradesh,MP_Mandsaur,Mandsaur,733,142,579,12,0,14,7,7,0,,
345,MP,Madhya Pradesh,MP_Morena,Morena,2026,127,1886,13,0,17,9,8,0,,
346,MP,Madhya Pradesh,MP_Narsinghpur,Narsinghpur,348,57,289,2,0,10,6,4,0,,
347,MP,Madhya Pradesh,MP_Neemuch,Neemuch,1130,208,909,13,0,10,3,7,0,,
348,MP,Madhya Pradesh,MP_Niwari,Niwari,154,93,61,0,0,5,1,4,0,,
0,MP,Madhya Pradesh,MP_Other Region,Other Region,0,0,0,0,0,0,0,0,0,,
349,MP,Madhya Pradesh,MP_Panna,Panna,231,24,207,0,0,2,-3,5,0,,
350,MP,Madhya Pradesh,MP_Raisen,Raisen,628,123,492,13,0,12,11,1,0,,
351,MP,Madhya Pradesh,MP_Rajgarh,Rajgarh,770,242,515,13,0,14,-17,31,0,,
352,MP,Madhya Pradesh,MP_Ratlam,Ratlam,887,163,705,19,0,17,-4,20,1,,
353,MP,Madhya Pradesh,MP_Rewa,Rewa,654,133,508,13,0,2,-30,31,1,,
354,MP,Madhya Pradesh,MP_Sagar,Sagar,1081,185,847,49,0,31,11,18,2,,
355,MP,Madhya Pradesh,MP_Satna,Satna,467,107,346,14,0,15,-7,22,0,,
356,MP,Madhya Pradesh,MP_Sehore,Sehore,612,134,459,19,0,14,-11,24,1,,
357,MP,Madhya Pradesh,MP_Seoni,Seoni,222,74,143,5,0,11,7,3,1,,
358,MP,Madhya Pradesh,MP_Shahdol,Shahdol,439,186,250,3,0,30,26,3,1,,
359,MP,Madhya Pradesh,MP_Shajapur,Shajapur,432,67,358,7,0,9,-2,10,1,,
360,MP,Madhya Pradesh,MP_Sheopur,Sheopur,455,104,348,3,0,16,7,9,0,,
361,MP,Madhya Pradesh,MP_Shivpuri,Shivpuri,745,268,471,6,0,43,24,19,0,,
362,MP,Madhya Pradesh,MP_Sidhi,Sidhi,280,77,201,2,0,12,-9,21,0,,
363,MP,Madhya Pradesh,MP_Singrauli,Singrauli,335,93,235,7,0,5,-21,26,0,,
364,MP,Madhya Pradesh,MP_Tikamgarh,Tikamgarh,390,40,340,10,0,5,5,0,0,,
365,MP,Madhya Pradesh,MP_Ujjain,Ujjain,1658,229,1350,79,0,34,7,26,1,,
366,MP,Madhya Pradesh,MP_Umaria,Umaria,112,40,70,2,0,2,-4,6,0,,
367,MP,Madhya Pradesh,MP_Vidisha,Vidisha,777,176,586,15,0,13,-13,25,1,,
432,MZ,Mizoram,MZ_Aizawl,Aizawl,563,310,253,0,0,4,3,1,0,,
433,MZ,Mizoram,MZ_Champhai,Champhai,16,3,13,0,0,0,0,0,0,,
729,MZ,Mizoram,MZ_Hnahthial,Hnahthial,2,2,0,0,0,0,0,0,0,,
730,MZ,Mizoram,MZ_Khawzawl,Khawzawl,3,0,3,0,0,0,0,0,0,,
434,MZ,Mizoram,MZ_Kolasib,Kolasib,169,107,62,0,0,0,-26,26,0,,
435,MZ,Mizoram,MZ_Lawngtlai,Lawngtlai,31,10,21,0,0,0,0,0,0,,
436,MZ,Mizoram,MZ_Lunglei,Lunglei,118,28,90,0,0,3,3,0,0,,
437,MZ,Mizoram,MZ_Mamit,Mamit,26,5,21,0,0,0,0,0,0,,
438,MZ,Mizoram,MZ_Saiha,Saiha,27,1,26,0,0,0,0,0,0,,
728,MZ,Mizoram,MZ_Saitual,Saitual,4,0,4,0,0,0,0,0,0,,
439,MZ,Mizoram,MZ_Serchhip,Serchhip,15,8,7,0,0,0,0,0,0,,
0,NL,Nagaland,NL_Others,Others,46,0,46,0,0,0,0,0,0,,
440,NL,Nagaland,NL_Dimapur,Dimapur,1768,552,1203,8,5,4,-30,34,0,,
441,NL,Nagaland,NL_Kiphire,Kiphire,5,1,4,0,0,0,0,0,0,,
442,NL,Nagaland,NL_Kohima,Kohima,1055,387,665,0,3,0,-52,52,0,,
443,NL,Nagaland,NL_Longleng,Longleng,7,1,6,0,0,0,0,0,0,,
444,NL,Nagaland,NL_Mokokchung,Mokokchung,22,4,18,0,0,0,0,0,0,,
445,NL,Nagaland,NL_Mon,Mon,298,39,257,0,2,0,-38,38,0,,
446,NL,Nagaland,NL_Peren,Peren,347,3,344,0,0,0,0,0,0,,
447,NL,Nagaland,NL_Phek,Phek,32,0,32,0,0,0,0,0,0,,
448,NL,Nagaland,NL_Tuensang,Tuensang,59,9,50,0,0,2,2,0,0,,
449,NL,Nagaland,NL_Wokha,Wokha,33,6,27,0,0,0,0,0,0,,
450,NL,Nagaland,NL_Zunheboto,Zunheboto,112,29,83,0,0,0,0,0,0,,
0,OR,Odisha,OR_Others,Others,0,0,0,0,0,0,0,0,0,,
451,OR,Odisha,OR_Angul,Angul,745,259,482,4,0,13,8,5,0,,
452,OR,Odisha,OR_Balangir,Balangir,1619,589,1026,4,0,99,48,51,0,,
453,OR,Odisha,OR_Balasore,Balasore,3294,898,2382,14,0,119,18,101,0,,
454,OR,Odisha,OR_Bargarh,Bargarh,1645,699,939,7,0,157,119,36,2,,
456,OR,Odisha,OR_Bhadrak,Bhadrak,2418,702,1705,11,0,82,38,43,1,,
455,OR,Odisha,OR_Boudh,Boudh,548,113,435,0,0,5,-26,31,0,,
457,OR,Odisha,OR_Cuttack,Cuttack,7017,2742,4243,32,0,492,267,225,0,,
458,OR,Odisha,OR_Deogarh,Deogarh,183,37,146,0,0,16,13,3,0,,
459,OR,Odisha,OR_Dhenkanal,Dhenkanal,1356,348,1006,2,0,60,30,30,0,,
460,OR,Odisha,OR_Gajapati,Gajapati,2764,287,2458,19,0,9,-80,89,0,,
461,OR,Odisha,OR_Ganjam,Ganjam,17113,1460,15462,191,0,177,-100,277,0,,
462,OR,Odisha,OR_Jagatsinghpur,Jagatsinghpur,1623,528,1093,2,0,43,26,17,0,,
463,OR,Odisha,OR_Jajpur,Jajpur,3481,1230,2246,5,0,176,41,135,0,,
464,OR,Odisha,OR_Jharsuguda,Jharsuguda,1033,415,617,1,0,94,52,42,0,,
465,OR,Odisha,OR_Kalahandi,Kalahandi,1187,333,852,2,0,27,-21,48,0,,
466,OR,Odisha,OR_Kandhamal,Kandhamal,2064,398,1659,7,0,58,11,47,0,,
467,OR,Odisha,OR_Kendrapara,Kendrapara,1461,545,912,4,0,76,51,25,0,,
468,OR,Odisha,OR_Kendujhar,Kendujhar,1656,342,1306,8,0,63,33,30,0,,
469,OR,Odisha,OR_Khordha,Khordha,13925,4865,8993,67,0,587,151,435,1,,
470,OR,Odisha,OR_Koraput,Koraput,3074,899,2172,3,0,89,-93,182,0,,
471,OR,Odisha,OR_Malkangiri,Malkangiri,2137,657,1473,7,0,44,-31,75,0,,
472,OR,Odisha,OR_Mayurbhanj,Mayurbhanj,2683,1147,1530,6,0,177,58,119,0,,
473,OR,Odisha,OR_Nabarangapur,Nabarangapur,950,340,607,3,0,31,20,11,0,,
474,OR,Odisha,OR_Nayagarh,Nayagarh,2637,948,1675,14,0,76,43,33,0,,
475,OR,Odisha,OR_Nuapada,Nuapada,359,49,310,0,0,19,16,3,0,,
476,OR,Odisha,OR_Puri,Puri,3086,954,2118,14,0,121,-97,218,0,,
477,OR,Odisha,OR_Rayagada,Rayagada,3720,1421,2278,21,0,154,129,25,0,,
478,OR,Odisha,OR_Sambalpur,Sambalpur,2452,898,1540,14,0,182,115,64,3,,
479,OR,Odisha,OR_Subarnapur,Subarnapur,568,206,360,2,0,37,-1,38,0,,
480,OR,Odisha,OR_Sundargarh,Sundargarh,4188,853,3298,37,0,101,29,72,0,,
485,PB,Punjab,PB_Amritsar,Amritsar,3612,667,2808,137,0,74,-3,70,7,,
486,PB,Punjab,PB_Barnala,Barnala,963,428,517,18,0,19,-50,68,1,,
487,PB,Punjab,PB_Bathinda,Bathinda,2058,740,1299,19,0,125,123,2,0,,
488,PB,Punjab,PB_Faridkot,Faridkot,936,424,502,10,0,44,40,4,0,,
489,PB,Punjab,PB_Fatehgarh Sahib,Fatehgarh Sahib,975,257,697,21,0,21,-16,37,0,,
490,PB,Punjab,PB_Fazilka,Fazilka,738,213,517,8,0,20,-22,41,1,,
491,PB,Punjab,PB_Ferozepur,Ferozepur,1542,978,541,23,0,21,21,0,0,,
492,PB,Punjab,PB_Gurdaspur,Gurdaspur,2013,660,1306,47,0,210,160,50,0,,
493,PB,Punjab,PB_Hoshiarpur,Hoshiarpur,1323,368,920,35,0,94,63,29,2,,
494,PB,Punjab,PB_Jalandhar,Jalandhar,5817,1919,3755,143,0,186,33,153,0,,
495,PB,Punjab,PB_Kapurthala,Kapurthala,1092,439,614,39,0,31,26,4,1,,
496,PB,Punjab,PB_Ludhiana,Ludhiana,10147,2914,6881,352,0,353,348,0,5,,
497,PB,Punjab,PB_Mansa,Mansa,481,182,289,10,0,26,3,23,0,,
498,PB,Punjab,PB_Moga,Moga,1292,588,688,16,0,9,5,4,0,,
499,PB,Punjab,PB_Pathankot,Pathankot,1052,272,758,22,0,25,-12,35,2,,
500,PB,Punjab,PB_Patiala,Patiala,5614,1510,3965,139,0,194,71,119,4,,
501,PB,Punjab,PB_Rupnagar,Rupnagar,765,273,481,11,0,36,35,0,1,,
502,PB,Punjab,PB_S.A.S. Nagar,S.A.S. Nagar,3246,1802,1374,70,0,178,173,0,5,,
503,PB,Punjab,PB_Sangrur,Sangrur,2058,411,1566,81,0,43,-3,41,5,,
504,PB,Punjab,PB_Shahid Bhagat Singh Nagar,Shahid Bhagat Singh Nagar,664,150,497,17,0,23,8,14,1,,
505,PB,Punjab,PB_Sri Muktsar Sahib,Sri Muktsar Sahib,723,213,502,8,0,10,-35,45,0,,
506,PB,Punjab,PB_Tarn Taran,Tarn Taran,725,200,495,30,0,4,0,2,2,,
481,PY,Puducherry,PY_Karaikal,Karaikal,739,206,521,12,0,0,0,0,0,"2 case of TN has been transferred,so has been reduced from the total count.",
482,PY,Puducherry,PY_Mahe,Mahe,35,7,28,0,0,0,0,0,0,"1 case of KL have been transferred,so have been reduced from the total count",
483,PY,Puducherry,PY_Puducherry,Puducherry,10481,3937,6394,150,0,0,0,0,0,"162 cases(157 of TN, 1 of AP and 4 other) have been transferred,so have been reduced from the total count.[July 18]4 cases have transferred to TN and have been reduced from recovered cases.",
484,PY,Puducherry,PY_Yanam,Yanam,675,114,543,18,0,0,0,0,0,"2 cases of AP have been transferred,so have been reduced from the total count",
507,RJ,Rajasthan,RJ_Ajmer,Ajmer,3926,554,3305,67,0,80,80,0,0,,
508,RJ,Rajasthan,RJ_Alwar,Alwar,7204,1410,5771,23,0,88,88,0,0,,
509,RJ,Rajasthan,RJ_Banswara,Banswara,490,128,358,4,0,27,27,0,0,,
510,RJ,Rajasthan,RJ_Baran,Baran,451,132,307,12,0,0,0,0,0,,
511,RJ,Rajasthan,RJ_Barmer,Barmer,2142,124,2000,18,0,0,-18,18,0,,
512,RJ,Rajasthan,RJ_Bharatpur,Bharatpur,3567,302,3198,67,0,0,0,0,0,,
513,RJ,Rajasthan,RJ_Bhilwara,Bhilwara,2031,833,1184,14,0,23,22,0,1,,
514,RJ,Rajasthan,RJ_Bikaner,Bikaner,4151,674,3407,70,0,0,-22,21,1,,
0,RJ,Rajasthan,RJ_BSF Camp,BSF Camp,85,0,85,0,0,0,0,0,0,,
515,RJ,Rajasthan,RJ_Bundi,Bundi,501,169,328,4,0,23,23,0,0,,
516,RJ,Rajasthan,RJ_Chittorgarh,Chittorgarh,765,160,599,6,0,0,-41,41,0,,
517,RJ,Rajasthan,RJ_Churu,Churu,880,112,764,4,0,13,13,0,0,,
518,RJ,Rajasthan,RJ_Dausa,Dausa,510,64,441,5,0,16,16,0,0,,
519,RJ,Rajasthan,RJ_Dholpur,Dholpur,2171,400,1752,19,0,0,0,0,0,,
520,RJ,Rajasthan,RJ_Dungarpur,Dungarpur,902,88,804,10,0,0,0,0,0,,
0,RJ,Rajasthan,RJ_Evacuees,Evacuees,61,0,61,0,0,0,0,0,0,,
521,RJ,Rajasthan,RJ_Ganganagar,Ganganagar,594,227,360,7,0,0,0,0,0,,
522,RJ,Rajasthan,RJ_Hanumangarh,Hanumangarh,372,83,287,2,0,0,0,0,0,,
0,RJ,Rajasthan,RJ_Italians,Italians,2,0,2,0,0,0,0,0,0,,
523,RJ,Rajasthan,RJ_Jaipur,Jaipur,9680,3229,6185,266,0,122,119,0,3,,
524,RJ,Rajasthan,RJ_Jaisalmer,Jaisalmer,331,46,283,2,0,1,1,0,0,,
525,RJ,Rajasthan,RJ_Jalore,Jalore,1330,14,1305,11,0,0,0,0,0,,
526,RJ,Rajasthan,RJ_Jhalawar,Jhalawar,1179,164,1014,1,0,0,0,0,0,,
527,RJ,Rajasthan,RJ_Jhunjhunu,Jhunjhunu,954,48,900,6,0,0,0,0,0,,
528,RJ,Rajasthan,RJ_Jodhpur,Jodhpur,11355,2362,8902,91,0,113,113,0,0,,
529,RJ,Rajasthan,RJ_Karauli,Karauli,569,124,438,7,0,8,8,0,0,,
530,RJ,Rajasthan,RJ_Kota,Kota,4566,1430,3070,66,0,94,94,0,0,,
531,RJ,Rajasthan,RJ_Nagaur,Nagaur,2239,229,1969,41,0,0,0,0,0,,
0,RJ,Rajasthan,RJ_Other State,Other State,189,46,104,39,0,0,0,0,0,,
532,RJ,Rajasthan,RJ_Pali,Pali,3775,371,3362,42,0,0,0,0,0,,
533,RJ,Rajasthan,RJ_Pratapgarh,Pratapgarh,419,211,203,5,0,25,25,0,0,,
534,RJ,Rajasthan,RJ_Rajsamand,Rajsamand,1046,110,923,13,0,0,0,0,0,,
535,RJ,Rajasthan,RJ_Sawai Madhopur,Sawai Madhopur,447,67,367,13,0,0,0,0,0,,
536,RJ,Rajasthan,RJ_Sikar,Sikar,2473,366,2090,17,0,0,0,0,0,,
537,RJ,Rajasthan,RJ_Sirohi,Sirohi,1177,135,1031,11,0,0,0,0,0,,
538,RJ,Rajasthan,RJ_Tonk,Tonk,561,80,471,10,0,0,0,0,0,,
539,RJ,Rajasthan,RJ_Udaipur,Udaipur,2208,154,2029,25,0,0,-1,0,1,,
540,SK,Sikkim,SK_East Sikkim,East Sikkim,1299,309,987,3,0,0,0,0,0,,
541,SK,Sikkim,SK_North Sikkim,North Sikkim,1,0,1,0,0,0,0,0,0,,
542,SK,Sikkim,SK_South Sikkim,South Sikkim,144,71,73,0,0,0,0,0,0,,
543,SK,Sikkim,SK_West Sikkim,West Sikkim,42,27,15,0,0,0,0,0,0,,
0,TG,Telangana,TG_Foreign Evacuees,Foreign Evacuees,33,33,0,0,0,0,0,0,0,District-wise numbers are out-dated as cumulative counts for each district are not reported in Telangana bulletin,
0,TG,Telangana,TG_Other State,Other State,250,250,0,0,0,0,0,0,0,District-wise numbers are out-dated as cumulative counts for each district are not reported in Telangana bulletin,
576,TG,Telangana,TG_Adilabad,Adilabad,823,808,15,0,0,31,31,0,0,District-wise numbers are out-dated as cumulative counts for each district are not reported in Telangana bulletin,
577,TG,Telangana,TG_Bhadradri Kothagudem,Bhadradri Kothagudem,1439,1435,4,0,0,72,72,0,0,District-wise numbers are out-dated as cumulative counts for each district are not reported in Telangana bulletin,
578,TG,Telangana,TG_Hyderabad,Hyderabad,49641,49313,305,23,0,449,449,0,0,District-wise numbers are out-dated as cumulative counts for each district are not reported in Telangana bulletin,
579,TG,Telangana,TG_Jagtial,Jagtial,1558,1556,2,0,0,89,89,0,0,District-wise numbers are out-dated as cumulative counts for each district are not reported in Telangana bulletin,
580,TG,Telangana,TG_Jangaon,Jangaon,1113,1112,1,0,0,42,42,0,0,District-wise numbers are out-dated as cumulative counts for each district are not reported in Telangana bulletin,
581,TG,Telangana,TG_Jayashankar Bhupalapally,Jayashankar Bhupalapally,668,668,0,0,0,26,26,0,0,District-wise numbers are out-dated as cumulative counts for each district are not reported in Telangana bulletin,
582,TG,Telangana,TG_Jogulamba Gadwal,Jogulamba Gadwal,1639,1613,25,1,0,31,31,0,0,District-wise numbers are out-dated as cumulative counts for each district are not reported in Telangana bulletin,
583,TG,Telangana,TG_Kamareddy,Kamareddy,1801,1793,8,0,0,55,55,0,0,District-wise numbers are out-dated as cumulative counts for each district are not reported in Telangana bulletin,
584,TG,Telangana,TG_Karimnagar,Karimnagar,4039,4023,16,0,0,136,136,0,0,District-wise numbers are out-dated as cumulative counts for each district are not reported in Telangana bulletin,
585,TG,Telangana,TG_Khammam,Khammam,2434,2431,3,0,0,152,152,0,0,District-wise numbers are out-dated as cumulative counts for each district are not reported in Telangana bulletin,
586,TG,Telangana,TG_Komaram Bheem,Komaram Bheem,291,289,2,0,0,17,17,0,0,District-wise numbers are out-dated as cumulative counts for each district are not reported in Telangana bulletin,
587,TG,Telangana,TG_Mahabubabad,Mahabubabad,1332,1331,1,0,0,45,45,0,0,District-wise numbers are out-dated as cumulative counts for each district are not reported in Telangana bulletin,
588,TG,Telangana,TG_Mahabubnagar,Mahabubnagar,1765,1757,8,0,0,102,102,0,0,District-wise numbers are out-dated as cumulative counts for each district are not reported in Telangana bulletin,
589,TG,Telangana,TG_Mancherial,Mancherial,1476,1475,0,1,0,106,106,0,0,District-wise numbers are out-dated as cumulative counts for each district are not reported in Telangana bulletin,
590,TG,Telangana,TG_Medak,Medak,1208,1204,4,0,0,41,41,0,0,District-wise numbers are out-dated as cumulative counts for each district are not reported in Telangana bulletin,
591,TG,Telangana,TG_Medchal Malkajgiri,Medchal Malkajgiri,6543,6533,9,1,0,113,113,0,0,District-wise numbers are out-dated as cumulative counts for each district are not reported in Telangana bulletin,
592,TG,Telangana,TG_Mulugu,Mulugu,637,635,2,0,0,26,26,0,0,District-wise numbers are out-dated as cumulative counts for each district are not reported in Telangana bulletin,
593,TG,Telangana,TG_Nagarkurnool,Nagarkurnool,1166,1164,2,0,0,40,40,0,0,District-wise numbers are out-dated as cumulative counts for each district are not reported in Telangana bulletin,
594,TG,Telangana,TG_Nalgonda,Nalgonda,2821,2809,12,0,0,164,164,0,0,District-wise numbers are out-dated as cumulative counts for each district are not reported in Telangana bulletin,
595,TG,Telangana,TG_Narayanpet,Narayanpet,347,346,0,1,0,24,24,0,0,District-wise numbers are out-dated as cumulative counts for each district are not reported in Telangana bulletin,
596,TG,Telangana,TG_Nirmal,Nirmal,603,590,13,0,0,25,25,0,0,District-wise numbers are out-dated as cumulative counts for each district are not reported in Telangana bulletin,
597,TG,Telangana,TG_Nizamabad,Nizamabad,2878,2848,30,0,0,112,112,0,0,District-wise numbers are out-dated as cumulative counts for each district are not reported in Telangana bulletin,
598,TG,Telangana,TG_Peddapalli,Peddapalli,1937,1936,1,0,0,77,77,0,0,District-wise numbers are out-dated as cumulative counts for each district are not reported in Telangana bulletin,
599,TG,Telangana,TG_Rajanna Sircilla,Rajanna Sircilla,1441,1439,2,0,0,32,32,0,0,District-wise numbers are out-dated as cumulative counts for each district are not reported in Telangana bulletin,
600,TG,Telangana,TG_Ranga Reddy,Ranga Reddy,9672,9653,17,2,0,268,268,0,0,District-wise numbers are out-dated as cumulative counts for each district are not reported in Telangana bulletin,
601,TG,Telangana,TG_Sangareddy,Sangareddy,3072,3066,6,0,0,34,34,0,0,District-wise numbers are out-dated as cumulative counts for each district are not reported in Telangana bulletin,
602,TG,Telangana,TG_Siddipet,Siddipet,1713,1712,1,0,0,113,113,0,0,District-wise numbers are out-dated as cumulative counts for each district are not reported in Telangana bulletin,
603,TG,Telangana,TG_Suryapet,Suryapet,1716,1692,24,0,0,86,86,0,0,District-wise numbers are out-dated as cumulative counts for each district are not reported in Telangana bulletin,
604,TG,Telangana,TG_Vikarabad,Vikarabad,642,626,15,1,0,27,27,0,0,District-wise numbers are out-dated as cumulative counts for each district are not reported in Telangana bulletin,
605,TG,Telangana,TG_Wanaparthy,Wanaparthy,994,994,0,0,0,55,55,0,0,District-wise numbers are out-dated as cumulative counts for each district are not reported in Telangana bulletin,
606,TG,Telangana,TG_Warangal Rural,Warangal Rural,1204,1204,0,0,0,34,34,0,0,District-wise numbers are out-dated as cumulative counts for each district are not reported in Telangana bulletin,
607,TG,Telangana,TG_Warangal Urban,Warangal Urban,4427,4404,23,0,0,132,132,0,0,District-wise numbers are out-dated as cumulative counts for each district are not reported in Telangana bulletin,
608,TG,Telangana,TG_Yadadri Bhuvanagiri,Yadadri Bhuvanagiri,703,703,0,0,0,39,39,0,0,District-wise numbers are out-dated as cumulative counts for each district are not reported in Telangana bulletin,
0,TN,Tamil Nadu,TN_Railway Quarantine,Railway Quarantine,428,4,424,0,0,0,0,0,0,,
0,TN,Tamil Nadu,TN_Airport Quarantine,Airport Quarantine,1712,79,1632,1,0,15,-32,47,0,,
0,TN,Tamil Nadu,TN_Other State,Other State,0,-3,0,3,0,0,0,0,0,,
544,TN,Tamil Nadu,TN_Ariyalur,Ariyalur,2452,492,1932,28,0,74,-22,95,1,,
732,TN,Tamil Nadu,TN_Chengalpattu,Chengalpattu,24749,2590,21763,396,0,321,48,263,10,,
545,TN,Tamil Nadu,TN_Chennai,Chennai,130564,13453,114448,2663,0,1317,-67,1356,28,[July 22]: 444 backdated deceased entries added to Chennai in TN bulletin.,
546,TN,Tamil Nadu,TN_Coimbatore,Coimbatore,13398,3325,9799,274,0,444,75,357,12,,
547,TN,Tamil Nadu,TN_Cuddalore,Cuddalore,10076,2909,7060,107,0,262,-144,406,0,,
548,TN,Tamil Nadu,TN_Dharmapuri,Dharmapuri,1184,154,1017,13,0,1,-18,17,2,,
549,TN,Tamil Nadu,TN_Dindigul,Dindigul,6124,746,5260,118,0,97,-85,181,1,,
550,TN,Tamil Nadu,TN_Erode,Erode,2620,1157,1426,37,0,122,87,36,-1,,
734,TN,Tamil Nadu,TN_Kallakurichi,Kallakurichi,5635,583,4988,64,0,70,-30,98,2,,
551,TN,Tamil Nadu,TN_Kancheepuram,Kancheepuram,16530,2296,14006,228,0,235,39,193,3,,
552,TN,Tamil Nadu,TN_Kanyakumari,Kanyakumari,9094,1517,7418,159,0,100,32,66,2,,
553,TN,Tamil Nadu,TN_Karur,Karur,1418,367,1026,25,0,34,6,28,0,,
554,TN,Tamil Nadu,TN_Krishnagiri,Krishnagiri,1977,330,1618,29,0,33,7,25,1,,
555,TN,Tamil Nadu,TN_Madurai,Madurai,13685,894,12446,345,0,64,-43,103,4,,
556,TN,Tamil Nadu,TN_Nagapattinam,Nagapattinam,2283,682,1567,34,0,92,-95,183,4,,
557,TN,Tamil Nadu,TN_Namakkal,Namakkal,1821,530,1257,34,0,82,48,33,1,,
564,TN,Tamil Nadu,TN_Nilgiris,Nilgiris,1497,318,1169,10,0,25,-23,48,0,,
558,TN,Tamil Nadu,TN_Perambalur,Perambalur,1240,175,1048,17,0,19,-10,28,1,,
559,TN,Tamil Nadu,TN_Pudukkottai,Pudukkottai,5654,1284,4285,85,0,137,-15,150,2,,
560,TN,Tamil Nadu,TN_Ramanathapuram,Ramanathapuram,4599,506,3992,101,0,76,39,37,0,,
733,TN,Tamil Nadu,TN_Ranipet,Ranipet,9931,1207,8610,114,0,163,54,106,3,,
561,TN,Tamil Nadu,TN_Salem,Salem,9379,3031,6222,126,0,413,193,217,3,,
562,TN,Tamil Nadu,TN_Sivaganga,Sivaganga,3907,289,3514,104,0,66,40,26,0,,
731,TN,Tamil Nadu,TN_Tenkasi,Tenkasi,5099,970,4029,100,0,62,38,23,1,,
563,TN,Tamil Nadu,TN_Thanjavur,Thanjavur,6108,792,5209,107,0,122,-3,124,1,,
565,TN,Tamil Nadu,TN_Theni,Theni,12179,1870,10170,139,0,131,-72,202,1,,
566,TN,Tamil Nadu,TN_Thiruvallur,Thiruvallur,23627,1575,21654,398,0,296,-201,482,15,,
567,TN,Tamil Nadu,TN_Thiruvarur,Thiruvarur,3156,559,2556,41,0,94,-46,138,2,,
568,TN,Tamil Nadu,TN_Thoothukkudi,Thoothukkudi,11008,819,10082,107,0,99,67,32,0,,
569,TN,Tamil Nadu,TN_Tiruchirappalli,Tiruchirappalli,7072,926,6033,113,0,115,16,97,2,,
570,TN,Tamil Nadu,TN_Tirunelveli,Tirunelveli,9018,1306,7546,166,0,107,23,82,2,,
735,TN,Tamil Nadu,TN_Tirupathur,Tirupathur,2711,514,2141,56,0,38,-42,79,1,,
571,TN,Tamil Nadu,TN_Tiruppur,Tiruppur,2337,634,1644,59,0,96,63,31,2,,
572,TN,Tamil Nadu,TN_Tiruvannamalai,Tiruvannamalai,9780,771,8858,151,0,100,18,81,1,,
573,TN,Tamil Nadu,TN_Vellore,Vellore,10167,1210,8809,148,0,159,-29,187,1,,
574,TN,Tamil Nadu,TN_Viluppuram,Viluppuram,6742,996,5682,64,0,147,-28,175,0,,
575,TN,Tamil Nadu,TN_Virudhunagar,Virudhunagar,12281,507,11590,184,0,153,114,38,1,,
609,TR,Tripura,TR_Dhalai,Dhalai,933,232,698,2,1,22,11,11,0,,
610,TR,Tripura,TR_Gomati,Gomati,1422,311,1095,15,1,37,6,31,0,,
611,TR,Tripura,TR_Khowai,Khowai,798,201,589,8,0,16,10,6,0,,
612,TR,Tripura,TR_North Tripura,North Tripura,934,287,639,2,6,32,14,18,0,,
613,TR,Tripura,TR_Sipahijala,Sipahijala,1537,205,1322,10,0,19,14,5,0,,
614,TR,Tripura,TR_South Tripura,South Tripura,636,201,428,4,3,34,31,3,0,,
615,TR,Tripura,TR_Unokoti,Unokoti,474,295,179,0,0,48,48,0,0,,
616,TR,Tripura,TR_West Tripura,West Tripura,3190,1391,1747,44,8,177,126,49,2,,
617,UP,Uttar Pradesh,UP_Agra,Agra,2660,331,2223,106,0,43,24,19,0,,
618,UP,Uttar Pradesh,UP_Aligarh,Aligarh,3740,1279,2432,29,0,154,83,71,0,,
619,UP,Uttar Pradesh,UP_Ambedkar Nagar,Ambedkar Nagar,768,224,526,18,0,24,10,13,1,,
620,UP,Uttar Pradesh,UP_Amethi,Amethi,1136,273,857,6,0,22,1,20,1,,
621,UP,Uttar Pradesh,UP_Amroha,Amroha,1471,364,1090,17,0,34,8,25,1,,
622,UP,Uttar Pradesh,UP_Auraiya,Auraiya,1083,255,819,9,0,15,-12,27,0,,
765,UP,Uttar Pradesh,UP_Ayodhya,Ayodhya,2946,905,2001,40,0,109,45,63,1,,
623,UP,Uttar Pradesh,UP_Azamgarh,Azamgarh,2938,733,2157,48,0,59,-1,59,1,,
624,UP,Uttar Pradesh,UP_Baghpat,Baghpat,862,99,747,16,0,10,0,10,0,,
625,UP,Uttar Pradesh,UP_Bahraich,Bahraich,1916,504,1384,28,0,40,10,30,0,,
626,UP,Uttar Pradesh,UP_Ballia,Ballia,3832,655,3136,41,0,53,-5,56,2,,
627,UP,Uttar Pradesh,UP_Balrampur,Balrampur,902,293,595,14,0,9,-8,17,0,,
628,UP,Uttar Pradesh,UP_Banda,Banda,688,219,461,8,0,23,15,8,0,,
629,UP,Uttar Pradesh,UP_Barabanki,Barabanki,3191,1002,2165,24,0,113,59,54,0,,
630,UP,Uttar Pradesh,UP_Bareilly,Bareilly,6069,1465,4494,110,0,106,5,100,1,,
631,UP,Uttar Pradesh,UP_Basti,Basti,2227,373,1798,56,0,31,16,13,2,,
632,UP,Uttar Pradesh,UP_Bhadohi,Bhadohi,1026,204,812,10,0,25,10,15,0,,
633,UP,Uttar Pradesh,UP_Bijnor,Bijnor,1518,374,1126,18,0,60,19,40,1,,
634,UP,Uttar Pradesh,UP_Budaun,Budaun,1393,506,876,11,0,39,-9,48,0,,
635,UP,Uttar Pradesh,UP_Bulandshahr,Bulandshahr,2125,396,1684,45,0,24,7,17,0,,
636,UP,Uttar Pradesh,UP_Chandauli,Chandauli,1834,416,1405,13,0,50,27,23,0,,
637,UP,Uttar Pradesh,UP_Chitrakoot,Chitrakoot,565,188,375,2,0,37,18,19,0,,
638,UP,Uttar Pradesh,UP_Deoria,Deoria,3570,1020,2524,26,0,93,40,53,0,,
639,UP,Uttar Pradesh,UP_Etah,Etah,806,271,524,11,0,17,-6,23,0,,
640,UP,Uttar Pradesh,UP_Etawah,Etawah,1861,628,1196,37,0,80,31,48,1,,
642,UP,Uttar Pradesh,UP_Farrukhabad,Farrukhabad,1172,359,792,21,0,28,8,20,0,,
643,UP,Uttar Pradesh,UP_Fatehpur,Fatehpur,1180,300,861,19,0,49,22,27,0,,
644,UP,Uttar Pradesh,UP_Firozabad,Firozabad,1318,286,988,44,0,28,21,7,0,,
645,UP,Uttar Pradesh,UP_Gautam Buddha Nagar,Gautam Buddha Nagar,7487,959,6483,45,0,111,33,77,1,,
646,UP,Uttar Pradesh,UP_Ghaziabad,Ghaziabad,7806,1223,6516,67,0,150,-14,164,0,,
647,UP,Uttar Pradesh,UP_Ghazipur,Ghazipur,2633,415,2195,23,0,37,-23,59,1,,
648,UP,Uttar Pradesh,UP_Gonda,Gonda,2334,573,1735,26,0,52,-100,152,0,,
649,UP,Uttar Pradesh,UP_Gorakhpur,Gorakhpur,8181,2658,5398,125,0,232,62,166,4,,
650,UP,Uttar Pradesh,UP_Hamirpur,Hamirpur,554,115,426,13,0,20,12,7,1,,
651,UP,Uttar Pradesh,UP_Hapur,Hapur,1636,136,1474,26,0,18,5,13,0,,
652,UP,Uttar Pradesh,UP_Hardoi,Hardoi,2350,575,1748,27,0,80,27,53,0,,
653,UP,Uttar Pradesh,UP_Hathras,Hathras,509,113,389,7,0,16,1,14,1,,
654,UP,Uttar Pradesh,UP_Jalaun,Jalaun,1176,200,961,15,0,28,-15,43,0,,
655,UP,Uttar Pradesh,UP_Jaunpur,Jaunpur,3505,452,3008,45,0,55,-21,74,2,,
656,UP,Uttar Pradesh,UP_Jhansi,Jhansi,4070,808,3165,97,0,89,0,89,0,,
657,UP,Uttar Pradesh,UP_Kannauj,Kannauj,1599,256,1333,10,0,26,11,15,0,,
658,UP,Uttar Pradesh,UP_Kanpur Dehat,Kanpur Dehat,961,380,571,10,0,26,5,20,1,,
659,UP,Uttar Pradesh,UP_Kanpur Nagar,Kanpur Nagar,13637,3195,10043,399,0,280,-177,447,10,,
660,UP,Uttar Pradesh,UP_Kasganj,Kasganj,783,221,561,1,0,11,-34,45,0,,
661,UP,Uttar Pradesh,UP_Kaushambi,Kaushambi,834,185,638,11,0,20,9,10,1,,
663,UP,Uttar Pradesh,UP_Kushinagar,Kushinagar,2748,886,1844,18,0,87,43,41,3,,
662,UP,Uttar Pradesh,UP_Lakhimpur Kheri,Lakhimpur Kheri,2097,851,1222,24,0,41,-10,51,0,,
664,UP,Uttar Pradesh,UP_Lalitpur,Lalitpur,1112,479,619,14,0,23,21,0,2,,
665,UP,Uttar Pradesh,UP_Lucknow,Lucknow,24468,6791,17354,323,0,792,23,757,12,,
667,UP,Uttar Pradesh,UP_Maharajganj,Maharajganj,2504,787,1688,29,0,114,77,37,0,,
666,UP,Uttar Pradesh,UP_Mahoba,Mahoba,451,91,355,5,0,10,4,6,0,,
668,UP,Uttar Pradesh,UP_Mainpuri,Mainpuri,1334,210,1099,25,0,24,18,6,0,,
669,UP,Uttar Pradesh,UP_Mathura,Mathura,2078,586,1446,46,0,37,-22,59,0,,
670,UP,Uttar Pradesh,UP_Mau,Mau,1266,307,949,10,0,40,9,30,1,,
671,UP,Uttar Pradesh,UP_Meerut,Meerut,3804,979,2694,131,0,98,51,46,1,,
672,UP,Uttar Pradesh,UP_Mirzapur,Mirzapur,1546,269,1254,23,0,31,11,20,0,,
673,UP,Uttar Pradesh,UP_Moradabad,Moradabad,4486,1271,3114,101,0,146,42,102,2,,
674,UP,Uttar Pradesh,UP_Muzaffarnagar,Muzaffarnagar,1783,518,1238,27,0,63,27,36,0,,
675,UP,Uttar Pradesh,UP_Pilibhit,Pilibhit,2106,482,1596,28,0,53,9,44,0,,
676,UP,Uttar Pradesh,UP_Pratapgarh,Pratapgarh,1599,518,1056,25,0,55,7,47,1,,
677,UP,Uttar Pradesh,UP_Prayagraj,Prayagraj,8372,2816,5417,139,0,351,156,193,2,,
678,UP,Uttar Pradesh,UP_Rae Bareli,Rae Bareli,1301,324,945,32,0,42,27,14,1,,
679,UP,Uttar Pradesh,UP_Rampur,Rampur,2838,742,2071,25,0,74,8,64,2,,
680,UP,Uttar Pradesh,UP_Saharanpur,Saharanpur,3313,1236,2026,51,0,163,106,53,4,,
681,UP,Uttar Pradesh,UP_Sambhal,Sambhal,1468,219,1223,26,0,30,13,17,0,,
682,UP,Uttar Pradesh,UP_Sant Kabir Nagar,Sant Kabir Nagar,1881,275,1585,21,0,14,-2,16,0,,
683,UP,Uttar Pradesh,UP_Shahjahanpur,Shahjahanpur,2791,618,2136,37,0,66,0,62,4,,
684,UP,Uttar Pradesh,UP_Shamli,Shamli,896,232,654,10,0,33,23,10,0,,
685,UP,Uttar Pradesh,UP_Shrawasti,Shrawasti,621,160,451,10,0,12,-6,18,0,,
686,UP,Uttar Pradesh,UP_Siddharthnagar,Siddharthnagar,2123,547,1556,20,0,44,0,44,0,,
687,UP,Uttar Pradesh,UP_Sitapur,Sitapur,1819,626,1187,6,0,29,-12,41,0,,
688,UP,Uttar Pradesh,UP_Sonbhadra,Sonbhadra,1427,403,1013,11,0,47,32,15,0,,
689,UP,Uttar Pradesh,UP_Sultanpur,Sultanpur,1941,316,1591,34,0,33,-1,33,1,,
690,UP,Uttar Pradesh,UP_Unnao,Unnao,1904,565,1303,36,0,67,42,21,4,,
691,UP,Uttar Pradesh,UP_Varanasi,Varanasi,7490,1819,5515,156,0,146,69,75,2,,
692,UT,Uttarakhand,UT_Almora,Almora,416,37,376,2,1,0,0,0,0,,
693,UT,Uttarakhand,UT_Bageshwar,Bageshwar,222,41,180,1,0,0,0,0,0,,
694,UT,Uttarakhand,UT_Chamoli,Chamoli,266,79,185,0,2,0,0,0,0,,
695,UT,Uttarakhand,UT_Champawat,Champawat,270,83,185,2,0,0,0,0,0,,
696,UT,Uttarakhand,UT_Dehradun,Dehradun,3302,914,2251,107,30,0,0,0,0,,
697,UT,Uttarakhand,UT_Haridwar,Haridwar,3998,1101,2851,35,11,0,0,0,0,,
698,UT,Uttarakhand,UT_Nainital,Nainital,2336,662,1629,44,1,0,0,0,0,,
699,UT,Uttarakhand,UT_Pauri Garhwal,Pauri Garhwal,437,121,302,4,10,0,0,0,0,,
700,UT,Uttarakhand,UT_Pithoragarh,Pithoragarh,236,24,210,2,0,0,0,0,0,,
701,UT,Uttarakhand,UT_Rudraprayag,Rudraprayag,189,48,140,1,0,0,0,0,0,,
702,UT,Uttarakhand,UT_Tehri Garhwal,Tehri Garhwal,932,187,743,2,0,0,0,0,0,,
703,UT,Uttarakhand,UT_Udham Singh Nagar,Udham Singh Nagar,3233,1273,1942,17,1,0,0,0,0,,
704,UT,Uttarakhand,UT_Uttarkashi,Uttarkashi,712,179,530,2,1,0,0,0,0,,
705,WB,West Bengal,WB_Alipurduar,Alipurduar,1633,509,1114,10,0,83,42,41,0,,
706,WB,West Bengal,WB_Bankura,Bankura,2277,636,1636,5,0,46,-23,67,2,,
707,WB,West Bengal,WB_Birbhum,Birbhum,1754,447,1295,12,0,137,120,17,0,,
708,WB,West Bengal,WB_Cooch Behar,Cooch Behar,2439,518,1915,6,0,102,78,23,1,,
709,WB,West Bengal,WB_Dakshin Dinajpur,Dakshin Dinajpur,3609,740,2846,23,0,69,-30,99,0,,
710,WB,West Bengal,WB_Darjeeling,Darjeeling,4693,829,3795,69,0,95,-53,146,2,,
711,WB,West Bengal,WB_Hooghly,Hooghly,7184,1450,5611,123,0,134,-7,134,7,,
712,WB,West Bengal,WB_Howrah,Howrah,12930,1426,11152,352,0,158,17,136,5,,
713,WB,West Bengal,WB_Jalpaiguri,Jalpaiguri,3173,680,2462,31,0,102,-61,162,1,,
714,WB,West Bengal,WB_Jhargram,Jhargram,218,32,184,2,0,9,-18,27,0,,
715,WB,West Bengal,WB_Kalimpong,Kalimpong,444,89,352,3,0,6,-12,18,0,,
716,WB,West Bengal,WB_Kolkata,Kolkata,38388,5311,31839,1238,0,571,-215,770,16,,
717,WB,West Bengal,WB_Malda,Malda,4695,574,4087,34,0,31,-52,82,1,,
719,WB,West Bengal,WB_Murshidabad,Murshidabad,3059,737,2287,35,0,63,-37,99,1,,
720,WB,West Bengal,WB_Nadia,Nadia,3310,762,2514,34,0,60,-12,70,2,,
721,WB,West Bengal,WB_North 24 Parganas,North 24 Parganas,31790,5425,25668,697,0,673,-48,711,10,,
0,WB,West Bengal,WB_Other State,Other State,66,0,63,3,0,0,0,0,0,,
722,WB,West Bengal,WB_Paschim Bardhaman,Paschim Bardhaman,3341,900,2415,26,0,70,-25,95,0,,
718,WB,West Bengal,WB_Paschim Medinipur,Paschim Medinipur,3801,1402,2361,38,0,112,87,24,1,,
723,WB,West Bengal,WB_Purba Bardhaman,Purba Bardhaman,2527,414,2096,17,0,55,-18,73,0,,
724,WB,West Bengal,WB_Purba Medinipur,Purba Medinipur,5580,1412,4116,52,0,202,78,122,2,,
725,WB,West Bengal,WB_Purulia,Purulia,1139,532,606,1,0,60,45,15,0,,
726,WB,West Bengal,WB_South 24 Parganas,South 24 Parganas,10583,1563,8834,186,0,136,-101,235,2,,
727,WB,West Bengal,WB_Uttar Dinajpur,Uttar Dinajpur,2139,321,1798,20,0,23,0,23,0,,
728,AN,Andaman and Nicobar Islands,AN_Unknown,Unknown,2933,616,2276,41,0,0,0,0,0,,
729,AP,Andhra Pradesh,AP_Unknown,Unknown,0,0,0,0,0,0,0,0,0,,
730,AR,Arunachal Pradesh,AR_Unknown,Unknown,0,0,0,0,0,0,0,0,0,,
731,AS,Assam,AS_Unknown,Unknown,21481,-10333,31811,0,3,0,0,0,0,,
732,BR,Bihar,BR_Unknown,Unknown,0,0,0,0,0,0,0,0,0,,
733,CH,Chandigarh,CH_Unknown,Unknown,0,0,0,0,0,0,0,0,0,,
734,CT,Chhattisgarh,CT_Unknown,Unknown,0,0,0,0,0,0,0,0,0,,
735,DN,Dadra and Nagar Haveli and Daman and Diu,DN_Unknown,Unknown,0,0,0,0,0,0,0,0,0,,
737,DL,Delhi,DL_Unknown,Unknown,166816,12421,150027,4368,0,0,0,0,0,,
738,GA,Goa,GA_Unknown,Unknown,9425,94,9325,6,0,0,0,0,0,,
739,GJ,Gujarat,GJ_Unknown,Unknown,0,0,0,0,0,0,0,0,0,,
740,HR,Haryana,HR_Unknown,Unknown,0,0,0,0,0,0,0,0,0,,
741,HP,Himachal Pradesh,HP_Unknown,Unknown,0,-3,0,0,3,0,0,0,0,,
742,JK,Jammu and Kashmir,JK_Unknown,Unknown,0,0,0,0,0,0,0,0,0,,
743,JH,Jharkhand,JH_Unknown,Unknown,0,0,0,0,0,0,0,0,0,,
744,KA,Karnataka,KA_Unknown,Unknown,0,0,0,0,0,0,0,0,0,,
745,KL,Kerala,KL_Unknown,Unknown,0,0,0,0,0,0,0,0,0,,
746,LA,Ladakh,LA_Unknown,Unknown,0,0,0,0,0,0,0,0,0,,
747,LD,Lakshadweep,LD_Unknown,Unknown,0,0,0,0,0,0,0,0,0,,
748,MP,Madhya Pradesh,MP_Unknown,Unknown,0,0,0,0,0,0,0,0,0,,
749,MH,Maharashtra,MH_Unknown,Unknown,0,0,0,0,0,0,0,0,0,,
750,MN,Manipur,MN_Unknown,Unknown,204,-2800,3002,2,0,0,0,0,0,,
751,ML,Meghalaya,ML_Unknown,Unknown,15,11,4,0,0,0,0,0,0,,
752,MZ,Mizoram,MZ_Unknown,Unknown,0,0,0,0,0,0,0,0,0,,
753,NL,Nagaland,NL_Unknown,Unknown,0,0,0,0,0,0,0,0,0,,
754,OR,Odisha,OR_Unknown,Unknown,0,0,0,0,0,0,0,0,0,,
755,PY,Puducherry,PY_Unknown,Unknown,0,0,0,0,0,0,0,0,0,,
756,PB,Punjab,PB_Unknown,Unknown,0,0,0,0,0,0,0,0,0,,
757,RJ,Rajasthan,RJ_Unknown,Unknown,0,0,0,0,0,0,0,0,0,,
758,SK,Sikkim,SK_Unknown,Unknown,0,0,0,0,0,0,0,0,0,,
759,TN,Tamil Nadu,TN_Unknown,Unknown,0,0,0,0,0,0,0,0,0,,
760,TG,Telangana,TG_Unknown,Unknown,457,-85845,85544,758,0,0,0,0,0,,
761,TR,Tripura,TR_Unknown,Unknown,0,0,0,0,0,0,0,0,0,,
762,UP,Uttar Pradesh,UP_Unknown,Unknown,0,0,0,0,0,0,0,0,0,,
763,UT,Uttarakhand,UT_Unknown,Unknown,0,0,0,0,0,0,0,0,0,,
764,WB,West Bengal,WB_Unknown,Unknown,0,0,0,0,0,0,0,0,0,,